pid,erythema,scaling,definite_borders,itching,koebner_phenomenon,polygonal_papules,follicular_papules,oral_mucosal_involvement,knee_and_elbow_involvement,scalp_involvement,family_history,age,diagnosis
1,2,2,0,3,0,0,0,0,1,0,0,55.0,2
2,3,3,3,2,1,0,0,0,1,1,1,8.0,1
3,2,1,2,3,1,3,0,3,0,0,0,26.0,3
4,2,2,2,0,0,0,0,0,3,2,0,40.0,1
5,2,3,2,2,2,2,0,2,0,0,0,45.0,3
6,2,3,2,0,0,0,0,0,0,0,0,41.0,2
7,2,1,0,2,0,0,0,0,0,0,0,18.0,5
8,2,2,3,3,3,3,0,2,0,0,0,57.0,3
9,2,2,1,0,2,0,0,0,0,0,0,22.0,4
10,2,2,1,0,1,0,0,0,0,0,0,30.0,4
11,3,3,2,1,1,0,0,0,2,2,1,20.0,1
12,2,2,0,3,0,0,0,0,0,0,0,21.0,2
13,3,3,1,2,0,0,0,0,0,1,0,22.0,2
14,2,3,3,0,0,0,0,0,1,1,1,10.0,1
15,2,2,3,3,0,3,0,2,0,0,0,65.0,3
16,1,1,0,1,3,0,0,0,0,0,0,40.0,4
17,2,2,1,3,0,0,0,0,0,0,0,30.0,2
18,3,3,3,0,0,0,0,0,3,3,1,38.0,1
19,2,1,3,3,3,3,0,0,2,0,0,23.0,3
20,1,1,0,3,0,0,0,0,0,0,0,17.0,5
21,2,1,1,2,0,0,3,0,1,2,0,8.0,6
22,3,2,2,0,0,0,0,0,0,0,0,51.0,2
23,2,2,0,2,0,0,0,0,0,0,0,42.0,5
24,2,2,2,3,2,2,0,2,0,0,0,44.0,3
25,2,0,0,3,0,0,0,0,0,0,0,22.0,5
26,2,1,1,0,1,0,0,0,2,0,0,33.0,1
27,1,1,0,1,0,0,3,0,1,0,0,10.0,6
28,1,2,2,3,0,0,0,0,0,0,0,17.0,5
29,3,2,2,2,0,0,0,0,0,0,0,43.0,2
30,1,1,2,3,2,2,0,3,0,0,0,50.0,3
31,3,2,1,2,0,0,0,0,1,2,0,50.0,1
32,3,2,0,2,0,0,0,0,0,0,0,10.0,2
33,2,3,3,3,3,0,0,0,3,3,0,34.0,1
34,2,2,1,0,0,0,0,0,1,0,1,,1
35,2,1,0,0,2,0,0,0,0,0,0,,4
36,2,2,1,2,0,0,0,0,0,0,0,,2
37,2,1,2,3,2,3,0,2,0,0,1,,3
38,2,1,1,1,0,0,0,0,0,0,0,15.0,2
39,2,1,2,3,2,1,0,2,0,0,0,26.0,3
40,3,3,2,0,0,0,0,0,2,2,1,46.0,1
41,1,1,1,0,0,0,1,0,0,0,0,51.0,2
42,1,1,1,0,0,0,0,0,0,0,0,62.0,4
43,3,2,1,1,0,0,0,0,2,1,0,15.0,1
44,2,1,1,0,0,0,0,0,1,0,0,35.0,2
45,0,1,0,3,0,0,0,0,0,0,0,30.0,5
46,2,1,1,1,1,2,0,1,0,0,0,48.0,3
47,2,1,1,3,3,0,0,0,0,0,0,46.0,4
48,2,1,1,1,0,0,2,0,3,2,0,12.0,6
49,1,2,1,1,0,0,0,0,0,1,0,52.0,2
50,2,0,1,0,0,2,0,1,0,0,0,60.0,3
51,3,1,1,2,2,2,0,0,0,0,0,32.0,3
52,1,1,1,0,2,0,0,0,0,0,0,35.0,4
53,2,2,1,0,0,0,0,0,2,2,0,41.0,1
54,3,1,1,1,1,0,0,0,0,1,1,48.0,1
55,0,1,0,2,0,0,0,0,0,0,0,51.0,5
56,2,2,2,0,0,0,0,0,0,1,0,19.0,1
57,1,1,1,2,0,0,0,0,0,0,0,22.0,2
58,2,1,1,3,0,3,0,1,0,0,0,29.0,3
59,1,1,1,0,0,0,0,0,0,0,0,25.0,4
60,3,3,0,3,0,0,0,0,0,0,0,33.0,2
61,2,2,1,1,0,0,1,0,1,1,1,8.0,6
62,2,1,1,0,0,0,0,0,1,1,1,40.0,1
63,1,1,0,1,0,0,0,0,0,0,0,33.0,5
64,3,3,2,1,1,0,0,0,2,2,1,42.0,1
65,2,2,0,3,0,0,0,0,0,0,0,36.0,2
66,3,2,2,2,0,2,0,1,0,0,0,60.0,3
67,2,2,2,0,0,0,0,0,2,2,0,36.0,1
68,1,1,0,1,3,0,0,0,0,0,0,21.0,4
69,3,3,3,2,0,0,0,0,0,0,0,40.0,5
70,3,3,3,0,1,0,0,0,2,0,0,21.0,1
71,2,2,2,1,0,0,0,0,0,0,0,34.0,2
72,2,1,2,0,0,0,3,0,3,0,0,13.0,6
73,1,1,1,1,1,0,0,1,0,0,0,52.0,3
74,1,1,1,1,0,0,0,0,0,0,0,48.0,5
75,2,1,2,2,1,0,0,0,0,0,0,17.0,4
76,3,2,1,2,0,0,0,0,0,0,0,25.0,2
77,2,2,2,1,0,0,0,0,0,0,0,33.0,2
78,2,1,2,2,2,0,0,0,0,0,0,62.0,1
79,0,0,0,0,0,0,0,3,0,0,0,52.0,3
80,2,2,1,2,0,0,0,0,0,0,0,27.0,5
81,3,2,2,2,2,0,0,0,0,0,0,40.0,1
82,3,2,2,2,0,0,0,0,0,0,0,31.0,2
83,2,1,1,2,0,0,0,0,0,0,0,27.0,2
84,3,2,2,1,0,0,0,0,0,0,0,10.0,2
85,1,1,2,3,0,0,0,0,0,0,0,55.0,5
86,2,2,2,3,3,0,0,0,0,2,0,30.0,1
87,3,3,2,2,1,0,0,0,0,1,0,42.0,1
88,2,1,2,1,1,0,0,2,0,0,0,48.0,3
89,0,1,2,1,1,0,1,0,2,3,0,22.0,1
90,1,1,1,0,2,0,0,0,0,0,0,31.0,4
91,3,2,1,3,0,0,0,0,0,0,1,50.0,2
92,2,1,0,2,0,0,0,0,0,0,0,43.0,2
93,1,1,1,3,0,0,1,0,0,0,0,30.0,5
94,3,3,3,3,3,0,0,0,3,3,1,42.0,1
95,2,1,1,3,2,2,0,2,0,0,0,22.0,3
96,2,1,0,2,2,0,0,0,0,0,0,18.0,4
97,2,2,1,2,0,0,0,0,0,0,0,35.0,2
98,1,1,1,0,0,0,0,0,0,0,0,60.0,5
99,2,2,2,2,2,0,0,0,2,1,0,28.0,1
100,2,2,1,0,0,0,2,0,2,0,1,13.0,6
101,2,2,1,1,0,0,0,0,1,0,0,20.0,2
102,1,1,2,0,0,0,0,0,0,0,0,64.0,5
103,3,3,3,2,2,0,0,0,2,2,0,43.0,1
104,2,3,1,2,0,0,0,0,0,0,0,20.0,2
105,1,2,2,1,0,0,0,0,0,0,0,34.0,2
106,2,2,2,2,2,0,0,0,2,2,1,39.0,1
107,1,1,0,1,1,0,0,0,0,0,0,60.0,4
108,1,1,1,1,1,0,0,0,1,1,0,38.0,1
109,2,2,3,2,1,3,0,2,0,0,0,44.0,3
110,3,2,1,2,2,0,0,0,2,2,0,36.0,1
111,2,2,2,3,2,0,0,0,3,3,0,41.0,1
112,2,2,2,3,2,2,0,2,0,0,0,18.0,3
113,1,1,2,0,0,0,0,0,0,0,0,39.0,5
114,2,2,3,2,3,3,0,3,0,0,0,40.0,3
115,1,1,1,2,2,2,0,2,0,0,0,47.0,3
116,2,2,2,3,0,0,1,0,0,0,0,16.0,5
117,2,2,1,2,0,0,0,0,0,0,0,27.0,2
118,2,2,3,2,2,2,0,3,0,0,0,52.0,3
119,2,2,0,2,2,0,0,0,0,0,0,25.0,4
120,1,1,1,1,1,0,0,0,2,2,0,0.0,1
121,3,3,2,2,0,0,0,0,0,0,0,33.0,2
122,2,2,2,1,0,0,2,0,0,0,0,46.0,5
123,1,1,2,0,0,0,3,0,3,0,1,7.0,6
124,2,3,3,3,3,0,0,0,2,1,0,30.0,1
125,3,2,2,2,2,0,0,0,0,3,0,29.0,1
126,2,2,1,1,0,0,0,0,0,0,0,23.0,2
127,2,2,2,0,0,0,2,0,2,0,0,8.0,6
128,2,2,2,2,3,2,0,3,0,0,0,44.0,3
129,1,1,0,0,0,0,0,0,0,0,0,17.0,5
130,2,1,0,2,2,0,0,0,0,0,0,16.0,4
131,1,1,2,2,2,0,2,0,1,2,0,55.0,1
132,2,2,2,3,2,0,0,0,1,1,0,40.0,1
133,3,2,2,1,3,3,0,3,0,0,0,34.0,3
134,2,2,1,0,0,0,0,0,0,0,0,29.0,5
135,3,2,2,0,0,0,0,0,0,0,0,34.0,5
136,1,1,1,1,1,0,1,0,2,3,0,25.0,1
137,2,2,0,2,1,0,0,0,0,0,0,70.0,4
138,3,3,2,1,0,0,0,0,0,0,0,37.0,2
139,2,3,2,3,3,3,0,2,0,0,0,41.0,3
140,3,3,3,3,2,0,0,0,0,0,0,32.0,1
141,2,2,1,2,2,0,0,0,0,0,0,20.0,2
142,2,3,1,2,1,0,0,0,0,0,0,19.0,1
143,3,2,2,3,2,0,0,0,0,2,0,61.0,1
144,2,1,1,3,2,2,0,2,0,0,0,27.0,3
145,1,1,2,3,2,3,0,3,0,0,0,36.0,3
146,2,2,3,3,1,2,0,2,0,0,0,40.0,3
147,3,2,0,3,0,0,0,0,0,0,0,52.0,2
148,1,1,0,3,0,0,0,0,0,0,0,27.0,5
149,2,2,2,0,2,0,0,0,0,0,0,30.0,4
150,2,3,0,2,0,0,0,0,0,0,0,45.0,2
151,1,2,0,3,0,0,0,0,0,0,0,34.0,2
152,2,3,2,1,0,0,0,0,1,2,1,27.0,1
153,3,3,2,2,0,0,0,0,2,0,0,46.0,1
154,2,2,2,0,0,0,0,0,1,0,0,52.0,1
155,1,0,1,2,0,0,0,0,0,0,0,28.0,5
156,2,1,1,1,0,2,0,2,0,0,0,40.0,3
157,2,3,0,2,0,0,0,0,0,0,0,55.0,2
158,3,3,2,2,0,3,0,2,0,0,0,32.0,3
159,2,2,1,2,0,0,0,0,0,0,0,33.0,2
160,3,2,2,1,0,0,0,0,0,0,0,47.0,2
161,2,1,2,0,2,0,0,0,0,0,0,35.0,4
162,2,1,1,2,0,0,0,0,0,0,0,61.0,2
163,3,2,2,2,0,2,0,2,0,0,0,22.0,3
164,2,2,0,0,0,0,2,0,1,1,1,10.0,6
165,3,2,0,2,0,0,0,0,0,0,0,20.0,2
166,3,2,2,3,1,0,0,0,1,1,1,55.0,1
167,2,3,2,2,1,0,0,0,2,2,0,67.0,1
168,2,2,3,3,1,2,0,2,0,0,0,51.0,3
169,2,2,2,0,2,0,0,0,0,0,0,20.0,4
170,2,2,3,3,1,3,0,2,0,0,0,22.0,3
171,1,1,2,3,1,2,0,2,0,0,0,45.0,3
172,2,3,2,0,0,0,0,0,2,2,0,55.0,1
173,3,2,3,0,0,0,0,0,3,0,0,56.0,1
174,3,3,3,0,0,0,0,0,2,0,0,18.0,1
175,3,2,2,2,0,2,0,2,0,0,0,40.0,3
176,2,2,2,0,0,0,0,0,3,2,0,30.0,1
177,3,2,3,0,0,0,0,0,2,2,0,33.0,1
178,2,2,0,3,0,0,0,0,0,0,0,40.0,2
179,1,2,2,2,0,3,0,2,0,0,0,42.0,3
180,2,2,2,2,0,2,0,3,0,0,0,36.0,3
181,2,3,2,0,0,0,0,0,2,0,0,27.0,1
182,3,2,2,0,0,0,0,0,0,0,0,56.0,1
183,1,3,1,0,0,0,0,0,0,0,0,60.0,1
184,2,2,2,0,0,0,0,0,0,0,0,20.0,1
185,2,2,1,0,0,0,3,0,2,0,1,7.0,6
186,2,2,0,2,0,0,0,0,0,0,0,30.0,2
187,3,2,0,3,0,0,0,0,0,0,0,19.0,2
188,2,3,0,2,0,0,0,0,0,0,0,52.0,2
189,3,2,0,2,0,0,0,0,0,0,1,55.0,2
190,2,2,2,0,0,0,0,0,3,0,0,23.0,1
191,2,1,2,3,1,2,0,2,0,0,0,50.0,3
192,2,3,3,3,0,3,0,3,0,0,0,38.0,3
193,3,2,2,2,0,2,0,0,0,0,0,25.0,3
194,2,2,2,0,0,0,0,0,2,2,1,18.0,1
195,3,2,2,0,0,0,0,0,3,3,1,35.0,1
196,2,2,1,2,0,0,0,0,0,0,0,22.0,2
197,3,2,3,3,1,2,0,2,0,0,0,52.0,3
198,3,2,2,0,0,0,0,0,0,0,0,50.0,2
199,2,2,2,0,0,0,0,0,0,0,0,33.0,2
200,3,2,1,0,0,0,0,0,0,0,0,44.0,2
201,1,1,0,2,0,0,1,0,0,0,0,18.0,5
202,1,1,0,1,0,0,2,0,0,0,0,25.0,5
203,2,2,0,2,0,0,1,0,0,0,0,52.0,5
204,1,1,0,1,0,0,2,0,0,0,0,35.0,5
205,2,2,0,2,0,0,1,0,0,0,0,40.0,5
206,3,2,2,0,0,0,0,0,2,2,1,55.0,1
207,2,3,2,0,1,0,0,0,2,3,0,20.0,1
208,3,2,2,0,2,0,0,0,3,2,0,60.0,1
209,2,3,2,0,0,0,0,0,2,3,0,33.0,1
210,2,3,2,0,0,0,0,0,3,2,0,27.0,1
211,3,2,2,0,0,0,0,0,2,2,0,50.0,1
212,2,3,2,0,0,0,0,0,3,2,0,70.0,1
213,2,2,2,3,1,2,0,2,0,0,0,28.0,3
214,2,2,2,2,1,3,0,2,0,0,0,30.0,3
215,3,2,3,2,2,2,0,2,0,0,0,53.0,3
216,2,3,2,3,3,2,0,2,0,0,0,27.0,3
217,2,2,3,2,2,2,0,3,0,0,0,50.0,3
218,3,2,2,3,3,3,0,2,0,0,0,42.0,3
219,3,2,1,0,2,0,0,0,0,0,0,45.0,4
220,2,2,1,0,1,0,0,0,0,0,0,35.0,4
221,3,1,1,0,1,0,0,0,0,0,0,30.0,4
222,2,2,2,1,2,0,0,0,0,0,0,42.0,4
223,1,1,1,3,0,0,0,0,0,0,0,18.0,5
224,2,1,2,2,0,0,0,0,0,0,0,25.0,5
225,2,1,3,3,0,0,0,0,0,0,0,36.0,5
226,2,1,2,2,0,0,0,0,0,0,0,40.0,5
227,1,2,1,1,0,0,0,0,0,0,0,35.0,5
228,1,1,1,2,0,0,0,0,0,0,0,19.0,5
229,2,1,2,0,0,0,0,0,0,0,0,50.0,5
230,2,2,0,2,0,0,0,0,0,0,0,47.0,2
231,3,2,0,1,0,0,0,0,0,1,0,30.0,2
232,2,3,0,3,0,0,0,0,0,2,0,42.0,2
233,3,2,0,2,0,0,0,0,0,2,0,55.0,2
234,2,2,2,1,1,0,0,0,2,0,1,60.0,1
235,3,2,3,0,1,0,0,0,1,2,0,65.0,1
236,2,2,2,1,0,0,0,0,0,1,1,47.0,1
237,3,2,3,2,0,0,0,0,0,2,1,35.0,1
238,2,2,1,1,0,0,0,0,0,2,1,52.0,1
239,2,2,2,2,0,0,0,0,0,1,0,60.0,1
240,2,2,2,1,0,0,2,0,2,2,1,7.0,6
241,3,2,0,0,0,0,2,0,2,2,0,8.0,6
242,2,2,2,3,0,0,0,0,2,2,1,25.0,1
243,3,2,2,3,0,0,0,0,2,0,0,60.0,1
244,2,2,2,2,0,0,0,0,2,2,1,50.0,1
245,2,1,2,0,0,0,0,0,3,2,1,33.0,1
246,3,3,3,0,0,0,0,0,2,3,0,27.0,1
247,2,2,2,0,0,0,0,0,2,3,0,55.0,1
248,2,2,2,0,0,0,0,0,2,2,0,62.0,1
249,3,2,2,0,0,0,0,0,0,1,1,19.0,1
250,2,1,1,2,2,2,0,2,0,0,0,50.0,3
251,2,2,2,2,3,3,0,2,0,0,0,40.0,3
252,2,2,2,2,1,2,0,2,0,0,0,62.0,3
253,2,2,2,2,1,2,0,2,0,0,0,36.0,3
254,2,1,2,2,0,3,0,2,0,0,0,27.0,3
255,3,1,2,3,0,3,0,0,0,1,0,47.0,3
256,2,1,2,2,0,2,0,0,0,1,0,50.0,3
257,2,1,1,0,1,0,0,0,0,0,0,35.0,4
258,3,2,1,1,0,0,0,0,0,0,0,25.0,4
259,1,2,2,0,1,0,0,0,0,0,0,60.0,4
260,2,2,2,0,1,0,0,0,0,0,0,22.0,4
261,1,2,2,0,1,0,0,0,0,0,0,35.0,4
262,2,2,2,1,0,0,0,0,0,0,0,36.0,4
263,2,1,0,2,0,0,0,0,0,0,0,,5
264,1,1,1,3,0,0,0,0,0,0,0,,5
265,1,1,0,2,0,0,0,0,1,0,0,,5
266,1,1,0,3,0,0,0,0,0,0,0,,5
267,2,2,1,1,0,0,2,0,2,0,1,10.0,6
268,3,2,0,1,0,0,2,0,1,0,1,12.0,6
269,2,2,1,1,0,0,2,0,0,0,0,8.0,6
270,3,2,2,0,0,0,0,0,0,0,0,35.0,4
271,2,2,1,0,1,0,0,0,0,0,0,62.0,4
272,2,2,2,0,0,0,0,0,0,0,0,48.0,4
273,3,3,2,0,1,0,0,0,2,2,1,30.0,1
274,2,2,3,1,0,0,0,0,3,2,1,57.0,1
275,1,2,2,1,1,0,0,0,2,2,1,62.0,1
276,2,2,3,1,0,0,0,0,1,2,0,36.0,1
277,3,2,2,2,0,0,0,0,2,1,0,18.0,1
278,2,2,2,1,0,0,0,0,0,0,0,25.0,2
279,3,2,2,1,0,0,0,0,1,0,1,16.0,2
280,2,2,1,0,1,0,0,0,0,0,0,50.0,4
281,1,2,2,0,1,0,0,0,0,0,0,55.0,4
282,2,2,1,0,0,0,0,0,0,0,0,27.0,4
283,3,3,2,0,0,0,0,0,2,2,0,55.0,1
284,2,3,3,1,0,0,0,0,2,1,0,22.0,1
285,2,2,2,1,0,0,0,0,0,0,0,70.0,2
286,3,2,2,0,0,0,0,0,0,0,0,22.0,2
287,2,3,2,1,0,0,0,0,0,0,0,45.0,2
288,2,1,2,1,0,2,0,2,0,0,0,40.0,3
289,2,2,3,1,0,3,0,2,0,0,0,28.0,3
290,3,2,2,1,0,2,0,3,0,0,0,36.0,3
291,2,2,3,2,1,2,0,2,0,0,0,27.0,3
292,2,2,2,0,1,0,0,0,1,1,0,42.0,1
293,2,3,2,0,1,0,0,0,3,2,1,27.0,1
294,2,2,3,1,0,0,0,0,2,2,0,50.0,1
295,2,1,3,0,1,0,0,0,0,2,0,34.0,1
296,2,1,0,2,0,0,0,0,0,0,0,8.0,5
297,2,1,1,3,0,0,1,0,0,0,0,19.0,5
298,1,1,2,2,0,0,0,0,1,0,0,36.0,5
299,2,1,0,3,0,0,0,0,0,0,0,70.0,5
300,2,2,1,3,0,0,0,0,0,0,0,52.0,5
301,2,2,3,3,1,2,0,1,0,0,0,25.0,3
302,3,2,2,2,0,2,0,2,0,0,0,36.0,3
303,2,2,2,3,1,2,0,1,0,0,0,50.0,3
304,2,1,2,0,1,0,0,0,0,0,0,34.0,4
305,3,1,2,1,0,0,0,0,2,3,0,17.0,1
306,2,2,2,0,1,0,0,0,2,1,0,24.0,1
307,2,1,1,0,1,0,0,0,0,0,0,22.0,4
308,2,1,2,1,1,0,0,0,0,0,0,55.0,4
309,2,1,1,0,1,0,0,0,0,0,0,12.0,4
310,2,3,2,0,1,0,0,0,0,1,0,43.0,1
311,3,2,2,0,0,0,0,0,0,1,1,50.0,1
312,2,2,2,1,0,0,0,0,2,2,0,36.0,1
313,2,2,3,3,2,3,0,1,0,0,0,26.0,3
314,3,1,2,3,2,2,0,2,0,0,0,16.0,3
315,2,2,2,3,2,3,0,2,0,0,0,32.0,3
316,2,1,2,3,3,2,0,2,0,0,0,51.0,3
317,2,2,3,2,2,3,0,1,0,0,0,56.0,3
318,2,2,2,0,1,0,0,0,2,2,0,47.0,1
319,2,2,3,1,0,0,0,0,2,1,0,51.0,1
320,3,2,2,0,0,0,0,0,2,2,0,58.0,1
321,2,2,3,0,0,0,0,0,3,0,0,27.0,1
322,2,2,2,0,1,0,0,0,0,0,0,32.0,4
323,2,1,1,0,1,0,0,0,0,0,0,27.0,4
324,2,3,3,0,0,0,0,0,1,0,1,62.0,1
325,2,2,3,0,1,0,0,0,3,0,0,53.0,1
326,3,1,1,0,1,0,0,0,0,0,0,46.0,4
327,2,1,2,3,2,2,0,3,0,0,0,37.0,3
328,1,1,2,3,2,3,0,2,0,0,0,49.0,3
329,2,1,0,1,0,0,0,0,0,0,0,18.0,4
330,2,2,2,2,2,0,0,0,0,2,0,46.0,1
331,2,1,2,0,0,0,0,0,2,0,0,33.0,1
332,1,1,1,0,1,0,0,0,0,0,0,22.0,4
333,2,2,2,0,1,0,0,0,0,0,0,44.0,4
334,1,0,0,3,0,0,0,0,0,0,0,36.0,5
335,2,0,1,3,0,0,0,0,0,0,0,63.0,5
336,3,2,2,0,0,0,0,0,2,2,0,56.0,1
337,2,3,2,1,0,0,0,0,2,2,0,60.0,1
338,2,1,0,0,0,0,0,0,0,0,0,42.0,5
339,3,1,0,1,0,0,0,0,0,0,0,32.0,5
340,2,1,2,2,2,3,0,2,0,0,0,51.0,3
341,2,2,3,0,0,0,0,0,2,2,0,33.0,1
342,1,1,0,2,0,0,0,0,0,0,0,68.0,5
343,2,0,1,2,0,0,0,0,0,0,0,50.0,5
344,2,2,2,0,0,0,1,0,1,0,1,9.0,6
345,2,2,1,0,0,0,2,0,2,0,0,16.0,6
346,2,2,2,1,1,0,0,0,0,0,0,35.0,4
347,2,2,2,1,0,0,0,0,0,0,0,40.0,4
348,2,2,0,1,0,0,2,0,2,0,0,22.0,6
349,3,2,2,0,0,0,3,0,1,0,1,10.0,6
350,2,2,1,0,0,0,2,0,2,0,0,7.0,6
351,1,2,2,2,0,0,0,0,2,2,0,25.0,1
352,2,2,2,3,2,0,0,0,2,3,1,9.0,1
353,3,2,2,3,2,0,0,0,2,3,0,55.0,1
354,1,1,1,2,0,0,0,0,0,0,0,45.0,5
355,2,0,1,2,0,0,0,0,0,0,0,56.0,5
356,2,3,2,3,2,0,0,0,3,2,0,36.0,1
357,2,2,2,2,2,0,0,0,3,0,1,75.0,1
358,2,2,2,0,1,0,0,0,0,1,0,45.0,1
359,2,3,2,1,0,0,0,0,2,2,0,24.0,1
360,2,2,0,0,0,0,0,0,0,0,0,40.0,2
361,2,2,1,1,0,0,0,0,0,0,0,25.0,2
362,2,1,1,0,1,0,0,0,0,0,0,25.0,4
363,3,2,1,0,1,0,0,0,0,0,0,36.0,4
364,3,2,2,2,3,2,0,2,0,0,0,28.0,3
365,2,1,3,1,2,3,0,2,0,0,0,50.0,3
366,3,2,2,0,0,0,0,0,3,3,0,35.0,1
